{"version": "1", "message": "ERROR: Hidden Testcases server unreachable.", "problem_id": "ads2_m4_a1_1", "user_id": "Sweety310897", "score": {"sample": {"0": {"execution_time": 0.713353157043457, "passed": true}, "1": {"execution_time": 0.3140108585357666, "passed": true}, "2": {"execution_time": 0.48736047744750977, "passed": true}, "3": {"execution_time": 0.42444443702697754, "passed": true}, "4": {"execution_time": 0.3165929317474365, "passed": true}, "5": {"execution_time": 0.30058884620666504, "passed": true}, "6": {"execution_time": 0.23468613624572754, "passed": true}, "7": {"execution_time": 0.250962495803833, "passed": true}, "8": {"execution_time": 0.28200244903564453, "passed": true}, "9": {"execution_time": 0.20293235778808594, "passed": true}, "10": {"execution_time": 0.23484182357788086, "passed": true}, "11": {"execution_time": 0.21741533279418945, "passed": true}, "12": {"execution_time": 0.2203514575958252, "passed": true}, "13": {"execution_time": 1.5178234577178955, "passed": true}, "14": {"execution_time": 0.2527282238006592, "passed": true}}}, "check_style_score": "1/1"}