{"version": "1", "message": "ERROR: Hidden Testcases server unreachable.", "problem_id": "ads2_m4_a1_1", "user_id": "jannuprathyusha", "score": {"sample": {"0": {"execution_time": 0.5425798892974854, "passed": true}, "1": {"execution_time": 0.42598915100097656, "passed": true}, "2": {"execution_time": 0.5656189918518066, "passed": true}, "3": {"execution_time": 0.5527865886688232, "passed": true}, "4": {"execution_time": 0.5126349925994873, "passed": true}, "5": {"execution_time": 0.5117361545562744, "passed": true}, "6": {"execution_time": 0.3904590606689453, "passed": true}, "7": {"execution_time": 0.5451838970184326, "passed": true}, "8": {"execution_time": 0.5436773300170898, "passed": true}, "9": {"execution_time": 0.42912840843200684, "passed": true}, "10": {"execution_time": 0.28835391998291016, "passed": true}, "11": {"execution_time": 0.4025914669036865, "passed": true}, "12": {"execution_time": 0.4039900302886963, "passed": true}, "13": {"execution_time": 1.2001571655273438, "passed": true}, "14": {"execution_time": 0.5315682888031006, "passed": true}}}, "check_style_score": "1/1"}