{"version": "1", "message": "ERROR: Hidden Testcases server unreachable.", "problem_id": "ads2_m2_a1_1", "user_id": "jannuprathyusha", "score": {"sample": {"0": {"execution_time": 0.33010077476501465, "passed": true}, "1": {"execution_time": 0.37405872344970703, "passed": true}, "2": {"execution_time": 0.37084317207336426, "passed": true}, "3": {"execution_time": 0.45232367515563965, "passed": true}, "4": {"execution_time": 0.43537235260009766, "passed": true}, "5": {"execution_time": 0.35739898681640625, "passed": true}, "6": {"execution_time": 0.37882518768310547, "passed": true}, "7": {"execution_time": 0.40110349655151367, "passed": true}, "8": {"execution_time": 0.3514292240142822, "passed": true}, "9": {"execution_time": 0.3262202739715576, "passed": true}, "10": {"execution_time": 0.3815488815307617, "passed": true}, "11": {"execution_time": 0.360184907913208, "passed": true}, "12": {"execution_time": 0.38380932807922363, "passed": true}, "13": {"execution_time": 0.387037992477417, "passed": true}, "14": {"execution_time": 0.48441195487976074, "passed": true}, "15": {"execution_time": 0.5418877601623535, "passed": true}, "16": {"execution_time": 0.3449418544769287, "passed": true}, "17": {"execution_time": 0.4259004592895508, "passed": true}, "18": {"execution_time": 0.4646110534667969, "passed": true}, "19": {"execution_time": 0.49141740798950195, "passed": true}, "20": {"execution_time": 0.48636364936828613, "passed": true}, "21": {"execution_time": 0.45297741889953613, "passed": true}, "22": {"execution_time": 0.565777063369751, "passed": true}, "23": {"execution_time": 0.5114409923553467, "passed": true}}}, "check_style_score": "1/1"}