{"version": "1", "message": "ERROR: Hidden Testcases server unreachable.", "problem_id": "ads2_m2_a1_1", "user_id": "jannuprathyusha", "score": {"sample": {"0": {"execution_time": 0.36171555519104004, "passed": false}, "1": {"execution_time": 0.4232823848724365, "passed": false}, "2": {"execution_time": 0.40994882583618164, "passed": false}, "3": {"execution_time": 0.45672130584716797, "passed": false}, "4": {"execution_time": 0.30882883071899414, "passed": false}, "5": {"execution_time": 0.3874702453613281, "passed": false}, "6": {"execution_time": 0.3223123550415039, "passed": false}, "7": {"execution_time": 0.3908851146697998, "passed": false}, "8": {"execution_time": 0.4059181213378906, "passed": false}, "9": {"execution_time": 0.375110387802124, "passed": false}, "10": {"execution_time": 0.31998515129089355, "passed": false}, "11": {"execution_time": 0.3885202407836914, "passed": false}, "12": {"execution_time": 0.36785244941711426, "passed": false}, "13": {"execution_time": 0.3783402442932129, "passed": false}, "14": {"execution_time": 0.40332579612731934, "passed": false}, "15": {"execution_time": 0.44138073921203613, "passed": false}, "16": {"execution_time": 0.4342634677886963, "passed": false}, "17": {"execution_time": 0.2110919952392578, "passed": false}, "18": {"execution_time": 0.4079718589782715, "passed": false}, "19": {"execution_time": 0.3703274726867676, "passed": false}, "20": {"execution_time": 0.37885093688964844, "passed": false}, "21": {"execution_time": 0.361907958984375, "passed": false}, "22": {"execution_time": 0.393298864364624, "passed": false}, "23": {"execution_time": 0.41617345809936523, "passed": false}}}, "check_style_score": "1/1"}