{"version": "1", "message": "ERROR: Hidden Testcases server unreachable.", "problem_id": "ads2_m2_a1_1", "user_id": "jannuprathyusha", "score": {"sample": {"0": {"execution_time": 0.1752452850341797, "passed": true}, "1": {"execution_time": 0.18286705017089844, "passed": true}, "2": {"execution_time": 0.16652297973632812, "passed": true}, "3": {"execution_time": 0.17223238945007324, "passed": true}, "4": {"execution_time": 0.14320945739746094, "passed": true}, "5": {"execution_time": 0.21783804893493652, "passed": true}, "6": {"execution_time": 0.19720673561096191, "passed": true}, "7": {"execution_time": 0.20245647430419922, "passed": true}, "8": {"execution_time": 0.18465256690979004, "passed": true}, "9": {"execution_time": 0.14771747589111328, "passed": true}, "10": {"execution_time": 0.1449730396270752, "passed": true}, "11": {"execution_time": 0.18350887298583984, "passed": true}, "12": {"execution_time": 0.1507701873779297, "passed": true}, "13": {"execution_time": 0.14730238914489746, "passed": true}, "14": {"execution_time": 0.17962312698364258, "passed": true}, "15": {"execution_time": 0.17507457733154297, "passed": true}, "16": {"execution_time": 0.227769136428833, "passed": true}, "17": {"execution_time": 0.21143245697021484, "passed": true}, "18": {"execution_time": 0.29606008529663086, "passed": true}, "19": {"execution_time": 0.21072912216186523, "passed": true}, "20": {"execution_time": 0.19823598861694336, "passed": true}, "21": {"execution_time": 0.15141630172729492, "passed": true}, "22": {"execution_time": 0.2319200038909912, "passed": true}, "23": {"execution_time": 0.19552111625671387, "passed": true}}}, "check_style_score": "1/1"}