{"version": "1", "message": "ERROR: Hidden Testcases server unreachable.", "problem_id": "ads2_m2_a1_1", "user_id": "jannuprathyusha", "score": {"sample": {"0": {"execution_time": 0.5063571929931641, "passed": true}, "1": {"execution_time": 0.3978414535522461, "passed": true}, "2": {"execution_time": 0.37717413902282715, "passed": true}, "3": {"execution_time": 0.2688629627227783, "passed": true}, "4": {"execution_time": 0.3642120361328125, "passed": true}, "5": {"execution_time": 0.435962438583374, "passed": true}, "6": {"execution_time": 0.4447793960571289, "passed": true}, "7": {"execution_time": 0.3914475440979004, "passed": true}, "8": {"execution_time": 0.33260440826416016, "passed": true}, "9": {"execution_time": 0.39197635650634766, "passed": true}, "10": {"execution_time": 0.5238239765167236, "passed": true}, "11": {"execution_time": 0.36467647552490234, "passed": true}, "12": {"execution_time": 0.46024417877197266, "passed": true}, "13": {"execution_time": 0.3592681884765625, "passed": true}, "14": {"execution_time": 0.3860032558441162, "passed": true}, "15": {"execution_time": 0.4281651973724365, "passed": true}, "16": {"execution_time": 0.4718608856201172, "passed": true}, "17": {"execution_time": 0.5104258060455322, "passed": true}, "18": {"execution_time": 0.5171175003051758, "passed": true}, "19": {"execution_time": 0.4163675308227539, "passed": true}, "20": {"execution_time": 0.710655689239502, "passed": true}, "21": {"execution_time": 0.476978063583374, "passed": true}, "22": {"execution_time": 0.5475897789001465, "passed": true}, "23": {"execution_time": 0.3868997097015381, "passed": true}}}, "check_style_score": "1/1"}