{"version": "1", "message": "ERROR: Hidden Testcases server unreachable.", "problem_id": "ads2_m2_a1_1", "user_id": "jannuprathyusha", "score": {"sample": {"0": {"execution_time": 0.41443610191345215, "passed": true}, "1": {"execution_time": 0.2760460376739502, "passed": true}, "2": {"execution_time": 0.2633087635040283, "passed": true}, "3": {"execution_time": 0.3635380268096924, "passed": true}, "4": {"execution_time": 0.2898447513580322, "passed": true}, "5": {"execution_time": 0.43757009506225586, "passed": true}, "6": {"execution_time": 0.35675859451293945, "passed": true}, "7": {"execution_time": 0.30657124519348145, "passed": true}, "8": {"execution_time": 0.3558635711669922, "passed": true}, "9": {"execution_time": 0.34208035469055176, "passed": true}, "10": {"execution_time": 0.2786097526550293, "passed": true}, "11": {"execution_time": 0.4394052028656006, "passed": true}, "12": {"execution_time": 0.33304715156555176, "passed": true}, "13": {"execution_time": 0.45934605598449707, "passed": true}, "14": {"execution_time": 0.4301767349243164, "passed": true}, "15": {"execution_time": 0.5009498596191406, "passed": true}, "16": {"execution_time": 0.48783445358276367, "passed": true}, "17": {"execution_time": 0.48545098304748535, "passed": true}, "18": {"execution_time": 0.37333011627197266, "passed": true}, "19": {"execution_time": 0.4308931827545166, "passed": true}, "20": {"execution_time": 0.4763219356536865, "passed": true}, "21": {"execution_time": 0.3511528968811035, "passed": true}, "22": {"execution_time": 0.41329193115234375, "passed": true}, "23": {"execution_time": 0.48412036895751953, "passed": true}}}, "check_style_score": "1/1"}