{"version": "1", "message": "ERROR: Hidden Testcases server unreachable.", "problem_id": "ads2_m2_a1_1", "user_id": "jannuprathyusha", "score": {"sample": {"0": {"execution_time": 0.1817169189453125, "passed": true}, "1": {"execution_time": 0.14614462852478027, "passed": true}, "2": {"execution_time": 0.16254258155822754, "passed": true}, "3": {"execution_time": 0.13984942436218262, "passed": true}, "4": {"execution_time": 0.1585216522216797, "passed": true}, "5": {"execution_time": 0.1511085033416748, "passed": true}, "6": {"execution_time": 0.16136717796325684, "passed": true}, "7": {"execution_time": 0.1478419303894043, "passed": true}, "8": {"execution_time": 0.16229772567749023, "passed": true}, "9": {"execution_time": 0.1579906940460205, "passed": true}, "10": {"execution_time": 0.16674304008483887, "passed": true}, "11": {"execution_time": 0.13822364807128906, "passed": true}, "12": {"execution_time": 0.13774561882019043, "passed": true}, "13": {"execution_time": 0.16808629035949707, "passed": true}, "14": {"execution_time": 0.17826628684997559, "passed": true}, "15": {"execution_time": 0.15827631950378418, "passed": true}, "16": {"execution_time": 0.17772579193115234, "passed": true}, "17": {"execution_time": 1.0019080638885498, "passed": true}, "18": {"execution_time": 0.16543865203857422, "passed": true}, "19": {"execution_time": 0.19485950469970703, "passed": true}, "20": {"execution_time": 0.203139066696167, "passed": true}, "21": {"execution_time": 0.2528243064880371, "passed": true}, "22": {"execution_time": 0.21129250526428223, "passed": true}, "23": {"execution_time": 0.29266810417175293, "passed": true}}}, "check_style_score": "1/1"}