{"version": "1", "message": "ERROR: Hidden Testcases server unreachable.", "problem_id": "ads2_m2_a1_1", "user_id": "jannuprathyusha", "score": {"sample": {"0": {"execution_time": 0.48844099044799805, "passed": true}, "1": {"execution_time": 0.1627347469329834, "passed": true}, "2": {"execution_time": 0.1552877426147461, "passed": true}, "3": {"execution_time": 0.16577577590942383, "passed": true}, "4": {"execution_time": 0.16504931449890137, "passed": true}, "5": {"execution_time": 0.22445321083068848, "passed": true}, "6": {"execution_time": 0.15267038345336914, "passed": true}, "7": {"execution_time": 0.16821575164794922, "passed": true}, "8": {"execution_time": 0.1510298252105713, "passed": true}, "9": {"execution_time": 0.16201043128967285, "passed": true}, "10": {"execution_time": 0.23151540756225586, "passed": true}, "11": {"execution_time": 0.16764378547668457, "passed": true}, "12": {"execution_time": 0.16783356666564941, "passed": true}, "13": {"execution_time": 0.17693233489990234, "passed": true}, "14": {"execution_time": 0.16559386253356934, "passed": true}, "15": {"execution_time": 0.17461800575256348, "passed": true}, "16": {"execution_time": 0.18541669845581055, "passed": true}, "17": {"execution_time": 0.22328567504882812, "passed": true}, "18": {"execution_time": 0.2375791072845459, "passed": true}, "19": {"execution_time": 0.21960830688476562, "passed": true}, "20": {"execution_time": 0.25229310989379883, "passed": true}, "21": {"execution_time": 0.1778087615966797, "passed": true}, "22": {"execution_time": 0.23548197746276855, "passed": true}, "23": {"execution_time": 0.2602396011352539, "passed": true}}}, "check_style_score": "1/1"}