{"version": "1", "message": "ERROR: Hidden Testcases server unreachable.", "problem_id": "ads2_m2_a1_1", "user_id": "jannuprathyusha", "score": {"sample": {"0": {"execution_time": 0.48195719718933105, "passed": true}, "1": {"execution_time": 0.4450490474700928, "passed": true}, "2": {"execution_time": 0.3730485439300537, "passed": true}, "3": {"execution_time": 0.21562671661376953, "passed": true}, "4": {"execution_time": 0.3540523052215576, "passed": true}, "5": {"execution_time": 0.3480062484741211, "passed": true}, "6": {"execution_time": 0.4892270565032959, "passed": true}, "7": {"execution_time": 0.25263142585754395, "passed": true}, "8": {"execution_time": 0.2683262825012207, "passed": true}, "9": {"execution_time": 0.3489832878112793, "passed": true}, "10": {"execution_time": 0.19839215278625488, "passed": true}, "11": {"execution_time": 0.32484960556030273, "passed": true}, "12": {"execution_time": 0.3071436882019043, "passed": true}, "13": {"execution_time": 0.4297487735748291, "passed": true}, "14": {"execution_time": 0.37040042877197266, "passed": true}, "15": {"execution_time": 0.3665196895599365, "passed": true}, "16": {"execution_time": 0.5428593158721924, "passed": true}, "17": {"execution_time": 0.332134485244751, "passed": true}, "18": {"execution_time": 0.3676297664642334, "passed": true}, "19": {"execution_time": 0.41942548751831055, "passed": true}, "20": {"execution_time": 0.4175541400909424, "passed": true}, "21": {"execution_time": 0.4358327388763428, "passed": true}, "22": {"execution_time": 0.23891258239746094, "passed": true}, "23": {"execution_time": 0.6130800247192383, "passed": true}}}, "check_style_score": "1/1"}