{"version": "1", "message": "ERROR: Hidden Testcases server unreachable.", "problem_id": "ads2_m2_a1_1", "user_id": "jannuprathyusha", "score": {"sample": {"0": {"execution_time": 0.4800865650177002, "passed": false}, "1": {"execution_time": 0.2351667881011963, "passed": false}, "2": {"execution_time": 0.7390837669372559, "passed": false}, "3": {"execution_time": 0.30670928955078125, "passed": false}, "4": {"execution_time": 0.35092782974243164, "passed": false}, "5": {"execution_time": 0.2917356491088867, "passed": false}, "6": {"execution_time": 0.38474035263061523, "passed": false}, "7": {"execution_time": 0.2758185863494873, "passed": false}, "8": {"execution_time": 0.4104287624359131, "passed": false}, "9": {"execution_time": 0.3010575771331787, "passed": false}, "10": {"execution_time": 0.4293951988220215, "passed": false}, "11": {"execution_time": 0.4002993106842041, "passed": false}, "12": {"execution_time": 0.43918347358703613, "passed": false}, "13": {"execution_time": 0.34720945358276367, "passed": false}, "14": {"execution_time": 0.38085103034973145, "passed": false}, "15": {"execution_time": 0.28997325897216797, "passed": false}, "16": {"execution_time": 0.420438289642334, "passed": false}, "17": {"execution_time": 0.37412548065185547, "passed": false}, "18": {"execution_time": 0.4053494930267334, "passed": false}, "19": {"execution_time": 0.4471290111541748, "passed": false}, "20": {"execution_time": 0.38753199577331543, "passed": false}, "21": {"execution_time": 0.43144989013671875, "passed": false}, "22": {"execution_time": 0.36438536643981934, "passed": false}, "23": {"execution_time": 0.27946019172668457, "passed": false}}}, "check_style_score": "1/1"}