{"version": "1", "message": "ERROR: Hidden Testcases server unreachable.", "problem_id": "ads2_m2_a1_1", "user_id": "jannuprathyusha", "score": {"sample": {"0": {"execution_time": 1.4150049686431885, "passed": true}, "1": {"execution_time": 0.38533878326416016, "passed": true}, "2": {"execution_time": 0.38640666007995605, "passed": true}, "3": {"execution_time": 0.36800074577331543, "passed": true}, "4": {"execution_time": 0.21857213973999023, "passed": true}, "5": {"execution_time": 0.30338025093078613, "passed": true}, "6": {"execution_time": 0.34726452827453613, "passed": true}, "7": {"execution_time": 0.2223203182220459, "passed": true}, "8": {"execution_time": 0.4226043224334717, "passed": true}, "9": {"execution_time": 0.7458984851837158, "passed": true}, "10": {"execution_time": 0.3771207332611084, "passed": true}, "11": {"execution_time": 0.4739975929260254, "passed": true}, "12": {"execution_time": 0.4098634719848633, "passed": true}, "13": {"execution_time": 0.2586488723754883, "passed": true}, "14": {"execution_time": 0.3700079917907715, "passed": true}, "15": {"execution_time": 0.4303863048553467, "passed": true}, "16": {"execution_time": 0.23717355728149414, "passed": true}, "17": {"execution_time": 0.4194002151489258, "passed": true}, "18": {"execution_time": 0.42487668991088867, "passed": true}, "19": {"execution_time": 0.24785971641540527, "passed": true}, "20": {"execution_time": 0.3102123737335205, "passed": true}, "21": {"execution_time": 0.45677852630615234, "passed": true}, "22": {"execution_time": 0.30251622200012207, "passed": true}, "23": {"execution_time": 0.48138952255249023, "passed": true}}}, "check_style_score": "1/1"}