{"version": "1", "message": "ERROR: Hidden Testcases server unreachable.", "problem_id": "ads2_m2_a1_1", "user_id": "jannuprathyusha", "score": {"sample": {"0": {"execution_time": 1.097351312637329, "passed": true}, "1": {"execution_time": 0.37442469596862793, "passed": true}, "2": {"execution_time": 0.36057376861572266, "passed": true}, "3": {"execution_time": 0.38749027252197266, "passed": true}, "4": {"execution_time": 0.2659904956817627, "passed": true}, "5": {"execution_time": 0.29872608184814453, "passed": true}, "6": {"execution_time": 0.442425012588501, "passed": true}, "7": {"execution_time": 0.4530961513519287, "passed": true}, "8": {"execution_time": 0.3816533088684082, "passed": true}, "9": {"execution_time": 0.32820940017700195, "passed": true}, "10": {"execution_time": 0.3455352783203125, "passed": true}, "11": {"execution_time": 0.4504561424255371, "passed": true}, "12": {"execution_time": 0.43750762939453125, "passed": true}, "13": {"execution_time": 0.4449470043182373, "passed": true}, "14": {"execution_time": 0.409682035446167, "passed": true}, "15": {"execution_time": 0.4335954189300537, "passed": true}, "16": {"execution_time": 0.5857033729553223, "passed": true}, "17": {"execution_time": 0.45079874992370605, "passed": true}, "18": {"execution_time": 0.5089142322540283, "passed": true}, "19": {"execution_time": 0.4551229476928711, "passed": true}, "20": {"execution_time": 0.49684667587280273, "passed": true}, "21": {"execution_time": 0.5008544921875, "passed": true}, "22": {"execution_time": 0.9927959442138672, "passed": true}, "23": {"execution_time": 0.5393691062927246, "passed": true}}}, "check_style_score": "1/1"}