{"version": "1", "message": "ERROR: Hidden Testcases server unreachable.", "problem_id": "ads2_m2_a1_1", "user_id": "jannuprathyusha", "score": {"sample": {"0": {"execution_time": 0.38710832595825195, "passed": true}, "1": {"execution_time": 0.4019889831542969, "passed": true}, "2": {"execution_time": 0.33862733840942383, "passed": true}, "3": {"execution_time": 0.5364792346954346, "passed": true}, "4": {"execution_time": 0.46567320823669434, "passed": true}, "5": {"execution_time": 0.38383030891418457, "passed": true}, "6": {"execution_time": 0.3383920192718506, "passed": true}, "7": {"execution_time": 0.4266977310180664, "passed": true}, "8": {"execution_time": 0.45361900329589844, "passed": true}, "9": {"execution_time": 0.5055890083312988, "passed": true}, "10": {"execution_time": 0.4108917713165283, "passed": true}, "11": {"execution_time": 0.34006524085998535, "passed": true}, "12": {"execution_time": 0.29026198387145996, "passed": true}, "13": {"execution_time": 0.2877042293548584, "passed": true}, "14": {"execution_time": 0.44400668144226074, "passed": true}, "15": {"execution_time": 0.34384870529174805, "passed": true}, "16": {"execution_time": 0.23750758171081543, "passed": true}, "17": {"execution_time": 0.48418664932250977, "passed": true}, "18": {"execution_time": 0.4426140785217285, "passed": true}, "19": {"execution_time": 0.4489619731903076, "passed": true}, "20": {"execution_time": 0.46515583992004395, "passed": true}, "21": {"execution_time": 0.3693418502807617, "passed": true}, "22": {"execution_time": 0.5479884147644043, "passed": true}, "23": {"execution_time": 0.47652673721313477, "passed": true}}}, "check_style_score": "1/1"}