{"version": "1", "message": "ERROR: Hidden Testcases server unreachable.", "problem_id": "ads2_m2_a1_1", "user_id": "jannuprathyusha", "score": {"sample": {"0": {"execution_time": 0.39437127113342285, "passed": false}, "1": {"execution_time": 0.4629800319671631, "passed": false}, "2": {"execution_time": 0.40731382369995117, "passed": false}, "3": {"execution_time": 0.28699827194213867, "passed": false}, "4": {"execution_time": 0.4118385314941406, "passed": false}, "5": {"execution_time": 0.46898388862609863, "passed": false}, "6": {"execution_time": 0.2471179962158203, "passed": false}, "7": {"execution_time": 0.5409877300262451, "passed": false}, "8": {"execution_time": 0.3277466297149658, "passed": false}, "9": {"execution_time": 0.46770191192626953, "passed": false}, "10": {"execution_time": 0.37903308868408203, "passed": false}, "11": {"execution_time": 0.2835056781768799, "passed": false}, "12": {"execution_time": 0.42639994621276855, "passed": false}, "13": {"execution_time": 0.3643968105316162, "passed": false}, "14": {"execution_time": 0.37688755989074707, "passed": false}, "15": {"execution_time": 0.3524796962738037, "passed": false}, "16": {"execution_time": 0.2909870147705078, "passed": false}, "17": {"execution_time": 0.3096466064453125, "passed": false}, "18": {"execution_time": 0.4038703441619873, "passed": false}, "19": {"execution_time": 0.280642032623291, "passed": false}, "20": {"execution_time": 0.364544153213501, "passed": false}, "21": {"execution_time": 0.44402456283569336, "passed": false}, "22": {"execution_time": 0.4176509380340576, "passed": false}, "23": {"execution_time": 0.48834848403930664, "passed": false}}}, "check_style_score": "1/1"}