{"version": "1", "message": "ERROR: Hidden Testcases server unreachable.", "problem_id": "ads2_m2_a1_1", "user_id": "jannuprathyusha", "score": {"sample": {"0": {"execution_time": 0.44745826721191406, "passed": true}, "1": {"execution_time": 0.43793320655822754, "passed": true}, "2": {"execution_time": 0.4458191394805908, "passed": true}, "3": {"execution_time": 0.38205647468566895, "passed": true}, "4": {"execution_time": 0.2912468910217285, "passed": true}, "5": {"execution_time": 0.42435193061828613, "passed": true}, "6": {"execution_time": 0.36708664894104004, "passed": true}, "7": {"execution_time": 0.46138930320739746, "passed": true}, "8": {"execution_time": 0.3408675193786621, "passed": true}, "9": {"execution_time": 0.3785059452056885, "passed": true}, "10": {"execution_time": 0.3243110179901123, "passed": true}, "11": {"execution_time": 0.39580702781677246, "passed": true}, "12": {"execution_time": 0.40895557403564453, "passed": true}, "13": {"execution_time": 0.25121283531188965, "passed": true}, "14": {"execution_time": 0.4267408847808838, "passed": true}, "15": {"execution_time": 0.422011137008667, "passed": true}, "16": {"execution_time": 0.3915421962738037, "passed": true}, "17": {"execution_time": 0.5388569831848145, "passed": true}, "18": {"execution_time": 0.6198997497558594, "passed": true}, "19": {"execution_time": 0.49033498764038086, "passed": true}, "20": {"execution_time": 0.39386725425720215, "passed": true}, "21": {"execution_time": 0.4575808048248291, "passed": true}, "22": {"execution_time": 0.35872411727905273, "passed": true}, "23": {"execution_time": 0.44025492668151855, "passed": true}}}, "check_style_score": "1/1"}