{"version": "1", "message": "ERROR: Hidden Testcases server unreachable.", "problem_id": "ads2_m4_a1_1", "user_id": "jannuprathyusha", "score": {"sample": {"0": {"execution_time": 0.2185378074645996, "passed": true}, "1": {"execution_time": 0.21472525596618652, "passed": true}, "2": {"execution_time": 0.22275996208190918, "passed": true}, "3": {"execution_time": 0.24872636795043945, "passed": true}, "4": {"execution_time": 0.18253517150878906, "passed": true}, "5": {"execution_time": 0.19706511497497559, "passed": true}, "6": {"execution_time": 0.24828147888183594, "passed": true}, "7": {"execution_time": 0.21914148330688477, "passed": true}, "8": {"execution_time": 0.2070169448852539, "passed": true}, "9": {"execution_time": 0.2018134593963623, "passed": true}, "10": {"execution_time": 0.17433929443359375, "passed": true}, "11": {"execution_time": 0.17539477348327637, "passed": true}, "12": {"execution_time": 0.21225261688232422, "passed": true}, "13": {"execution_time": 0.8818790912628174, "passed": true}, "14": {"execution_time": 0.3248579502105713, "passed": true}}}, "check_style_score": "0/1"}