{"version": "1", "message": "ERROR: Hidden Testcases server unreachable.", "problem_id": "ads2_m4_a1_1", "user_id": "jannuprathyusha", "score": {"sample": {"0": {"execution_time": 0.6278321743011475, "passed": true}, "1": {"execution_time": 0.3542160987854004, "passed": true}, "2": {"execution_time": 0.41684722900390625, "passed": true}, "3": {"execution_time": 0.3617861270904541, "passed": true}, "4": {"execution_time": 0.3948836326599121, "passed": true}, "5": {"execution_time": 0.48317885398864746, "passed": true}, "6": {"execution_time": 0.4901914596557617, "passed": true}, "7": {"execution_time": 0.44545984268188477, "passed": true}, "8": {"execution_time": 0.5350565910339355, "passed": true}, "9": {"execution_time": 0.42598414421081543, "passed": true}, "10": {"execution_time": 0.46745824813842773, "passed": true}, "11": {"execution_time": 0.42279982566833496, "passed": true}, "12": {"execution_time": 0.40158891677856445, "passed": true}, "13": {"execution_time": 1.0565450191497803, "passed": true}, "14": {"execution_time": 0.31848835945129395, "passed": true}}}, "check_style_score": "0/1"}