{"version": "1", "message": "ERROR: Hidden Testcases server unreachable.", "problem_id": "ads2_m4_a1_1", "user_id": "jannuprathyusha", "score": {"sample": {"0": {"execution_time": 0.4402275085449219, "passed": true}, "1": {"execution_time": 0.3560066223144531, "passed": true}, "2": {"execution_time": 0.41203856468200684, "passed": true}, "3": {"execution_time": 0.5388374328613281, "passed": true}, "4": {"execution_time": 0.5620319843292236, "passed": true}, "5": {"execution_time": 0.4296286106109619, "passed": true}, "6": {"execution_time": 0.487201452255249, "passed": true}, "7": {"execution_time": 0.26711583137512207, "passed": true}, "8": {"execution_time": 0.45069169998168945, "passed": true}, "9": {"execution_time": 0.35306525230407715, "passed": true}, "10": {"execution_time": 0.34502172470092773, "passed": true}, "11": {"execution_time": 0.6001121997833252, "passed": true}, "12": {"execution_time": 0.3827791213989258, "passed": true}, "13": {"execution_time": 1.2150917053222656, "passed": true}, "14": {"execution_time": 0.36223554611206055, "passed": true}}}, "check_style_score": "0/1"}