{"version": "1", "message": "ERROR: Hidden Testcases server unreachable.", "problem_id": "ads2_m4_a1_1", "user_id": "jannuprathyusha", "score": {"sample": {"0": {"execution_time": 0.6233875751495361, "passed": true}, "1": {"execution_time": 0.4488217830657959, "passed": true}, "2": {"execution_time": 0.4230010509490967, "passed": true}, "3": {"execution_time": 0.38370442390441895, "passed": true}, "4": {"execution_time": 0.5385720729827881, "passed": true}, "5": {"execution_time": 0.45313334465026855, "passed": true}, "6": {"execution_time": 0.45065879821777344, "passed": true}, "7": {"execution_time": 0.4279179573059082, "passed": true}, "8": {"execution_time": 0.4386296272277832, "passed": true}, "9": {"execution_time": 0.35761022567749023, "passed": true}, "10": {"execution_time": 0.3309037685394287, "passed": true}, "11": {"execution_time": 0.5499351024627686, "passed": true}, "12": {"execution_time": 0.427227258682251, "passed": true}, "13": {"execution_time": 1.0313794612884521, "passed": true}, "14": {"execution_time": 0.45485734939575195, "passed": true}}}, "check_style_score": "0/1"}