{"version": "1", "message": "ERROR: Hidden Testcases server unreachable.", "problem_id": "ads2_m4_a1_1", "user_id": "jannuprathyusha", "score": {"sample": {"0": {"execution_time": 0.5536093711853027, "passed": true}, "1": {"execution_time": 0.3949735164642334, "passed": true}, "2": {"execution_time": 0.3132598400115967, "passed": true}, "3": {"execution_time": 0.55912184715271, "passed": true}, "4": {"execution_time": 0.43299102783203125, "passed": true}, "5": {"execution_time": 0.4173116683959961, "passed": true}, "6": {"execution_time": 0.4607679843902588, "passed": true}, "7": {"execution_time": 0.34122562408447266, "passed": true}, "8": {"execution_time": 0.36043572425842285, "passed": true}, "9": {"execution_time": 0.4212648868560791, "passed": true}, "10": {"execution_time": 0.29296875, "passed": true}, "11": {"execution_time": 0.4851648807525635, "passed": true}, "12": {"execution_time": 0.45589709281921387, "passed": true}, "13": {"execution_time": 1.1523525714874268, "passed": true}, "14": {"execution_time": 0.49424314498901367, "passed": true}}}, "check_style_score": "0/1"}