{"version": "1", "message": "ERROR: Hidden Testcases server unreachable.", "problem_id": "ads2_m4_a1_1", "user_id": "Anisha-Vulli", "score": {"sample": {"0": {"execution_time": 0.35376453399658203, "passed": true}, "1": {"execution_time": 0.3479945659637451, "passed": true}, "2": {"execution_time": 0.38527488708496094, "passed": true}, "3": {"execution_time": 0.4184694290161133, "passed": true}, "4": {"execution_time": 0.31461453437805176, "passed": true}, "5": {"execution_time": 0.3235762119293213, "passed": true}, "6": {"execution_time": 0.31911683082580566, "passed": true}, "7": {"execution_time": 0.33208131790161133, "passed": true}, "8": {"execution_time": 0.32067203521728516, "passed": true}, "9": {"execution_time": 0.30660152435302734, "passed": true}, "10": {"execution_time": 0.28257107734680176, "passed": true}, "11": {"execution_time": 0.3021101951599121, "passed": true}, "12": {"execution_time": 0.30012059211730957, "passed": true}, "13": {"execution_time": 1.712162733078003, "passed": true}, "14": {"execution_time": 0.274808406829834, "passed": true}}}, "check_style_score": "0/1"}