{"version": "1", "message": "ERROR: Hidden Testcases server unreachable.", "problem_id": "ads2_m4_a1_1", "user_id": "jannuprathyusha", "score": {"sample": {"0": {"execution_time": 0.4911613464355469, "passed": true}, "1": {"execution_time": 0.5465519428253174, "passed": true}, "2": {"execution_time": 0.6733574867248535, "passed": true}, "3": {"execution_time": 0.5433886051177979, "passed": true}, "4": {"execution_time": 0.18954062461853027, "passed": true}, "5": {"execution_time": 0.5209629535675049, "passed": true}, "6": {"execution_time": 0.4657247066497803, "passed": true}, "7": {"execution_time": 0.3612055778503418, "passed": true}, "8": {"execution_time": 0.4928741455078125, "passed": true}, "9": {"execution_time": 0.5857565402984619, "passed": true}, "10": {"execution_time": 0.36773133277893066, "passed": true}, "11": {"execution_time": 0.18328022956848145, "passed": true}, "12": {"execution_time": 0.42140769958496094, "passed": true}, "13": {"execution_time": 0.9418892860412598, "passed": true}, "14": {"execution_time": 0.4564950466156006, "passed": true}}}, "check_style_score": "1/1"}