{"version": "1", "message": "ERROR: Hidden Testcases server unreachable.", "problem_id": "ads2_m16_a1_1", "user_id": "jannuprathyusha", "score": {"sample": {"0": {"execution_time": 0.7647280693054199, "passed": true}, "1": {"execution_time": 0.28431177139282227, "passed": true}, "2": {"execution_time": 0.70517897605896, "passed": true}, "3": {"execution_time": 0.6549274921417236, "passed": true}, "4": {"execution_time": 0.584125280380249, "passed": true}, "5": {"execution_time": 0.9672753810882568, "passed": true}, "6": {"execution_time": 0.6289761066436768, "passed": true}, "7": {"execution_time": 0.581000566482544, "passed": true}, "8": {"execution_time": 0.3656339645385742, "passed": true}, "9": {"execution_time": 0.8776934146881104, "passed": true}, "10": {"execution_time": 0.6062822341918945, "passed": true}, "11": {"execution_time": 3.9478509426116943, "passed": true}, "12": {"execution_time": 0.7453634738922119, "passed": true}, "13": {"execution_time": 0.33655285835266113, "passed": true}, "14": {"execution_time": 0.8733720779418945, "passed": true}, "15": {"execution_time": 0.6094679832458496, "passed": true}, "16": {"execution_time": 0.334805965423584, "passed": true}, "17": {"execution_time": 0.37963175773620605, "passed": true}, "18": {"execution_time": 0.6695785522460938, "passed": true}, "19": {"execution_time": 0.3473196029663086, "passed": true}, "20": {"execution_time": 0.4089627265930176, "passed": true}, "21": {"execution_time": 0.36606884002685547, "passed": true}, "22": {"execution_time": 0.29962849617004395, "passed": true}, "23": {"execution_time": 0.33818674087524414, "passed": true}, "24": {"execution_time": 0.3169562816619873, "passed": true}, "25": {"execution_time": 0.6674981117248535, "passed": true}, "26": {"execution_time": 0.5526008605957031, "passed": true}, "27": {"execution_time": 0.9282777309417725, "passed": true}, "28": {"execution_time": 0.8905022144317627, "passed": true}, "29": {"execution_time": 0.4113118648529053, "passed": true}}}, "check_style_score": "0/1"}