{"version": "1", "message": "ERROR: Hidden Testcases server unreachable.", "problem_id": "ads2_m16_a1_1", "user_id": "jannuprathyusha", "score": {"sample": {"0": {"execution_time": 2.951747417449951, "passed": true}, "1": {"execution_time": 3.644740104675293, "passed": true}, "2": {"execution_time": 3.0109386444091797, "passed": true}, "3": {"execution_time": 2.9666032791137695, "passed": true}, "4": {"execution_time": 1.578200101852417, "passed": true}, "5": {"execution_time": 0.8337516784667969, "passed": true}, "6": {"execution_time": 1.091439962387085, "passed": true}, "7": {"execution_time": 0.8412444591522217, "passed": true}, "8": {"execution_time": 0.9699807167053223, "passed": true}, "9": {"execution_time": 0.7424173355102539, "passed": true}, "10": {"execution_time": 0.679959774017334, "passed": true}, "11": {"execution_time": 3.3573038578033447, "passed": true}, "12": {"execution_time": 1.2759504318237305, "passed": true}, "13": {"execution_time": 0.43760156631469727, "passed": true}, "14": {"execution_time": 0.6605775356292725, "passed": true}, "15": {"execution_time": 1.1271016597747803, "passed": true}, "16": {"execution_time": 0.6740188598632812, "passed": true}, "17": {"execution_time": 0.36925506591796875, "passed": true}, "18": {"execution_time": 0.49341249465942383, "passed": true}, "19": {"execution_time": 0.5177559852600098, "passed": true}, "20": {"execution_time": 0.4759030342102051, "passed": true}, "21": {"execution_time": 0.8411228656768799, "passed": true}, "22": {"execution_time": 0.49194860458374023, "passed": true}, "23": {"execution_time": 0.44547224044799805, "passed": true}, "24": {"execution_time": 0.6220569610595703, "passed": true}, "25": {"execution_time": 0.6924014091491699, "passed": true}, "26": {"execution_time": 0.705463171005249, "passed": true}, "27": {"execution_time": 0.7739837169647217, "passed": true}, "28": {"execution_time": 1.2268788814544678, "passed": true}, "29": {"execution_time": 0.5829253196716309, "passed": true}}}, "check_style_score": "0/1"}