{"version": "1", "message": "ERROR: Hidden Testcases server unreachable.", "problem_id": "ads2_m16_a1_1", "user_id": "jannuprathyusha", "score": {"sample": {"0": {"execution_time": 0.28777360916137695, "passed": true}, "1": {"execution_time": 0.318906307220459, "passed": true}, "2": {"execution_time": 0.580559253692627, "passed": true}, "3": {"execution_time": 0.5482573509216309, "passed": true}, "4": {"execution_time": 0.5114173889160156, "passed": true}, "5": {"execution_time": 0.5806605815887451, "passed": true}, "6": {"execution_time": 0.5765438079833984, "passed": true}, "7": {"execution_time": 0.6029887199401855, "passed": true}, "8": {"execution_time": 0.3775191307067871, "passed": true}, "9": {"execution_time": 0.5947387218475342, "passed": true}, "10": {"execution_time": 0.5444285869598389, "passed": true}, "11": {"execution_time": 4.085309982299805, "passed": true}, "12": {"execution_time": 0.5762650966644287, "passed": true}, "13": {"execution_time": 0.2778952121734619, "passed": true}, "14": {"execution_time": 0.5640170574188232, "passed": true}, "15": {"execution_time": 0.8254799842834473, "passed": true}, "16": {"execution_time": 0.34806060791015625, "passed": true}, "17": {"execution_time": 0.31913089752197266, "passed": true}, "18": {"execution_time": 0.3463563919067383, "passed": true}, "19": {"execution_time": 0.37354469299316406, "passed": true}, "20": {"execution_time": 0.37076234817504883, "passed": true}, "21": {"execution_time": 0.40452027320861816, "passed": true}, "22": {"execution_time": 0.33353090286254883, "passed": true}, "23": {"execution_time": 0.3788490295410156, "passed": true}, "24": {"execution_time": 0.6152660846710205, "passed": true}, "25": {"execution_time": 0.595386266708374, "passed": true}, "26": {"execution_time": 0.8944768905639648, "passed": true}, "27": {"execution_time": 0.658198356628418, "passed": true}, "28": {"execution_time": 1.2499909400939941, "passed": true}, "29": {"execution_time": 0.25077366828918457, "passed": true}}}, "check_style_score": "0/1"}