{"version": "1", "message": "ERROR: Hidden Testcases server unreachable.", "problem_id": "ads2_m16_a1_1", "user_id": "jannuprathyusha", "score": {"sample": {"0": {"execution_time": 0.5856690406799316, "passed": true}, "1": {"execution_time": 1.474073886871338, "passed": true}, "2": {"execution_time": 0.7185611724853516, "passed": true}, "3": {"execution_time": 0.6065773963928223, "passed": true}, "4": {"execution_time": 0.6051602363586426, "passed": true}, "5": {"execution_time": 0.6100795269012451, "passed": true}, "6": {"execution_time": 1.8081178665161133, "passed": true}, "7": {"execution_time": 1.7208225727081299, "passed": true}, "8": {"execution_time": 0.9960067272186279, "passed": true}, "9": {"execution_time": 0.6369245052337646, "passed": true}, "10": {"execution_time": 0.5500729084014893, "passed": true}, "11": {"execution_time": 4.5271220207214355, "passed": true}, "12": {"execution_time": 0.5692048072814941, "passed": true}, "13": {"execution_time": 0.2857203483581543, "passed": true}, "14": {"execution_time": 0.5643801689147949, "passed": true}, "15": {"execution_time": 0.5575721263885498, "passed": true}, "16": {"execution_time": 0.3177192211151123, "passed": true}, "17": {"execution_time": 0.3196730613708496, "passed": true}, "18": {"execution_time": 0.2694575786590576, "passed": true}, "19": {"execution_time": 0.2995412349700928, "passed": true}, "20": {"execution_time": 0.3775341510772705, "passed": true}, "21": {"execution_time": 0.8190553188323975, "passed": true}, "22": {"execution_time": 0.3536112308502197, "passed": true}, "23": {"execution_time": 0.3875284194946289, "passed": true}, "24": {"execution_time": 0.2999279499053955, "passed": true}, "25": {"execution_time": 0.674858808517456, "passed": true}, "26": {"execution_time": 0.8285508155822754, "passed": true}, "27": {"execution_time": 0.6112732887268066, "passed": true}, "28": {"execution_time": 0.9270684719085693, "passed": true}, "29": {"execution_time": 0.3297266960144043, "passed": true}}}, "check_style_score": "0/1"}