{"version": "1", "message": "ERROR: Hidden Testcases server unreachable.", "problem_id": "ads2_m16_a1_1", "user_id": "jannuprathyusha", "score": {"sample": {"0": {"execution_time": 0.543414831161499, "passed": true}, "1": {"execution_time": 0.4394378662109375, "passed": true}, "2": {"execution_time": 0.729027271270752, "passed": true}, "3": {"execution_time": 0.7112283706665039, "passed": true}, "4": {"execution_time": 0.802483081817627, "passed": true}, "5": {"execution_time": 1.8763940334320068, "passed": true}, "6": {"execution_time": 1.1418755054473877, "passed": true}, "7": {"execution_time": 1.1117219924926758, "passed": true}, "8": {"execution_time": 2.1097323894500732, "passed": true}, "9": {"execution_time": 0.8510026931762695, "passed": true}, "10": {"execution_time": 0.7892107963562012, "passed": true}, "11": {"execution_time": 3.445315361022949, "passed": true}, "12": {"execution_time": 1.2158620357513428, "passed": true}, "13": {"execution_time": 0.42957425117492676, "passed": true}, "14": {"execution_time": 0.8768672943115234, "passed": true}, "15": {"execution_time": 0.7905585765838623, "passed": true}, "16": {"execution_time": 0.44960880279541016, "passed": true}, "17": {"execution_time": 0.5367264747619629, "passed": true}, "18": {"execution_time": 0.41762328147888184, "passed": true}, "19": {"execution_time": 0.5528733730316162, "passed": true}, "20": {"execution_time": 0.4954233169555664, "passed": true}, "21": {"execution_time": 0.7693967819213867, "passed": true}, "22": {"execution_time": 0.3692750930786133, "passed": true}, "23": {"execution_time": 0.3996915817260742, "passed": true}, "24": {"execution_time": 0.46784257888793945, "passed": true}, "25": {"execution_time": 0.7931268215179443, "passed": true}, "26": {"execution_time": 0.611499547958374, "passed": true}, "27": {"execution_time": 0.7681605815887451, "passed": true}, "28": {"execution_time": 1.2697367668151855, "passed": true}, "29": {"execution_time": 0.4900095462799072, "passed": true}}}, "check_style_score": "0/1"}