{"version": "1", "message": "ERROR: Hidden Testcases server unreachable.", "problem_id": "ads2_m16_a1_1", "user_id": "jannuprathyusha", "score": {"sample": {"0": {"execution_time": 0.6027183532714844, "passed": true}, "1": {"execution_time": 0.44765233993530273, "passed": true}, "2": {"execution_time": 0.7009091377258301, "passed": true}, "3": {"execution_time": 1.2795305252075195, "passed": true}, "4": {"execution_time": 0.7445106506347656, "passed": true}, "5": {"execution_time": 1.6981902122497559, "passed": true}, "6": {"execution_time": 0.8438148498535156, "passed": true}, "7": {"execution_time": 0.6639823913574219, "passed": true}, "8": {"execution_time": 0.5328869819641113, "passed": true}, "9": {"execution_time": 0.724931001663208, "passed": true}, "10": {"execution_time": 0.6914386749267578, "passed": true}, "11": {"execution_time": 3.376248598098755, "passed": true}, "12": {"execution_time": 0.8202533721923828, "passed": true}, "13": {"execution_time": 0.5851485729217529, "passed": true}, "14": {"execution_time": 0.63132643699646, "passed": true}, "15": {"execution_time": 0.7500452995300293, "passed": true}, "16": {"execution_time": 0.44637203216552734, "passed": true}, "17": {"execution_time": 0.392411470413208, "passed": true}, "18": {"execution_time": 0.5834081172943115, "passed": true}, "19": {"execution_time": 0.6931357383728027, "passed": true}, "20": {"execution_time": 0.9406425952911377, "passed": true}, "21": {"execution_time": 0.5374119281768799, "passed": true}, "22": {"execution_time": 0.4363734722137451, "passed": true}, "23": {"execution_time": 0.5934121608734131, "passed": true}, "24": {"execution_time": 0.8600389957427979, "passed": true}, "25": {"execution_time": 0.8699159622192383, "passed": true}, "26": {"execution_time": 0.6647922992706299, "passed": true}, "27": {"execution_time": 1.1112217903137207, "passed": true}, "28": {"execution_time": 1.1107673645019531, "passed": true}, "29": {"execution_time": 0.30959010124206543, "passed": true}}}, "check_style_score": "0/1"}